{
    "_id": "5905235c04738f5c88da7769",
    "SchemaName": "placement",
    "SchemaResolution": "Range",
    "SchemaDevice": "Kinect",
    "SchemaMetric": "MultiNodeRangeBetween",
    "BodyNodes": [
        "LeftFoot",
        "Spine"
        "RightFoot",
    ],
    "CalculationInfo": null,
    "ReductionInfo": {
        "reductionOperator": "XValue"
    },
    "ConditionInfo": null,
    "FloatBoundsInfo": {
        "lowBounds": 0,
        "highBounds": 0.5
        "reverse":false
        "useExtents": false
    },
    "Vector2BoundsInfo": null,
    "Vector3BoundsInfo": null
}
