{
    "_id": "5905235c04738f5c88da7111",
    "SchemaName": "bodyTwist",
    "SchemaResolution": "Range",
    "SchemaDevice": "Kinect",
    "SchemaMetric": "SingleJointAngle",
    "BodyAngles": [
        "Spine_Rotation"
    ],
    "CalculationInfo": null,
    "ReductionInfo": null,
    "ConditionInfo": null,
    "FloatBoundsInfo": {
        "lowBounds": -50,
        "highBounds": 50,
        "reverse": false
        "useExtents": true
    },
    "Vector2BoundsInfo": null,
    "Vector3BoundsInfo": null
}
