{
    "SchemaName": "placement",
    "SchemaResolution": "Range",
    "SchemaDevice": "Kinect",
    "SchemaMetric": "SingleNodeOrientation",
    "BodyNodes": [
        "Kinect_HandRight"
    ],
    "CalculationInfo": null,
    "ReductionInfo": {
        "reductionOperator": "DotProduct",
        "vectorOperand": {
          "x": 0.0,
          "y": 1.0,
          "z": 0.0
        }
    },
    "ConditionInfo": null,
    "FloatBoundsInfo": {
        "lowBounds": -1.0,
        "highBounds": 1.0
    },
    "Vector2BoundsInfo": null,
    "Vector3BoundsInfo": null
}
