{
    "_id": "5905235c04738f5c11da715",
    "SchemaName": "joystick",
    "SchemaResolution": "Range",
    "SchemaDevice": "Kinect",
    "SchemaMetric": "SingleJointAngle",
    "BodyAngles": [
        "L_Knee_Flexion"
    ],
    "CalculationInfo": null,
    "ReductionInfo": null,
    "ConditionInfo": null,
    "FloatBoundsInfo": {
        "lowBounds": 0,
        "highBounds": 170,
        "reverse": false
        "useExtents": true
    },
    "Vector2BoundsInfo": null,
    "Vector3BoundsInfo": null
}
