{
    "_id": "5905235c04738f5c88da7752",
    "SchemaName": "moveLeft",
    "SchemaResolution": "Signal",
    "SchemaDevice": "Kinect",
    "SchemaMetric": "MultiNodeVectorBetween",
    "BodyNodes": [
      "LeftShoulder",
      "LeftHand"
    ],
    "CalculationInfo": null,
    "ReductionInfo": {
        "reductionOperator": "YValue"
    },
    "ConditionInfo": {
        "conditionOperator": "GreaterThan",
        "extentPercentage": 0.1
    },
    "FloatBoundsInfo": null,
    "Vector2BoundsInfo": null,
    "Vector3BoundsInfo": null
}
