{
    "SchemaName": "joystick",
    "SchemaResolution": "Range",
    "SchemaDevice": "Kinect",
    "SchemaMetric": "MultiNodeVectorBetween",
    "BodyNodes": [
        "LeftShoulder",
        "LeftHand"
    ],
    "CalculationInfo": null,
    "ReductionInfo": {
        "reductionOperator": "XValue"
    },
    "ConditionInfo": null,
    "FloatBoundsInfo": {
        "lowBounds": -0.4,
        "highBounds": 0
    },
    "Vector2BoundsInfo": null,
    "Vector3BoundsInfo": null
}
