{
    "SchemaName": "joystick",
    "SchemaResolution": "Range",
    "SchemaDevice": "Kinect",
    "SchemaMetric": "MultiNodeVectorBetween",
    "BodyNodes": [
        "RightShoulder",
        "RightHand"
    ],
    "CalculationInfo": null,
    "ReductionInfo": {
        "reductionOperator": "XValue"
    },
    "ConditionInfo": null,
    "FloatBoundsInfo": {
        "lowBounds": 0,
        "highBounds": 0.4
    },
    "Vector2BoundsInfo": null,
    "Vector3BoundsInfo": null
}
