{
    "_id": "5905235c04738f5c88da1705",

    "SchemaName": "lhandblock",
    "SchemaResolution": "Range",
    "SchemaDevice": "Kinect",
    "SchemaMetric": "MultiNodeVectorBetween",
    "BodyNodes": [
        "Head",
        "LeftHand"
    ],
    "CalculationInfo": null,
    "ReductionInfo": {
        "reductionOperator": "Magnitude"
    },
    "ConditionInfo": null,
    "FloatBoundsInfo": {
        "lowBounds": 0.15,
        "highBounds": 0.7,
        "reverse":false
        "useExtents": true

    },
    "Vector2BoundsInfo": null,
    "Vector3BoundsInfo": null
}
