{
    "_id": "5905235c04738f5c88da7763",

    "SchemaName": "joystick",
    "SchemaResolution": "Range",
    "SchemaDevice": "Kinect",
    "SchemaMetric": "MultiNodeVectorBetween",
    "BodyNodes": [
        "RightHand",
        "Head"
    ],
    "CalculationInfo": null,
    "ReductionInfo": {
        "reductionOperator": "XValue"
    },
    "ConditionInfo": null,
    "FloatBoundsInfo": {
        "lowBounds": -0.5,
        "highBounds": 0.3,
        "reverse":true,
        "useExtents": true

    },
    "Vector2BoundsInfo": null,
    "Vector3BoundsInfo": null
}
