{
    "_id": "5905235c04738f5c33da7110",

    "SchemaName": "joystick",
    "SchemaResolution": "Range",
    "SchemaDevice": "Kinect",
    "SchemaMetric": "MultiNodeVectorBetween",
    "BodyNodes": [
        "LeftLowerLeg",
        "LeftUpperLeg"
    ],
    "CalculationInfo": null,
    "ReductionInfo": {
        "reductionOperator": "XValue"
    },
    "ConditionInfo": null,
    "FloatBoundsInfo": {
        "lowBounds": -0.3,
        "highBounds": 0.5,
        "reverse":true
        "useExtents": true

    },
    "Vector2BoundsInfo": null,
    "Vector3BoundsInfo": null
}
