{    
    "_id": "5905235c04738f5c88da7762",
    "SchemaName": "placement",
    "SchemaResolution": "Range",
    "SchemaDevice": "Kinect",
    "SchemaMetric": "MultiNodeAngleBetween",
    "BodyNodes": [
        "RightShoulder",
        "RightLowerArm",
        "RightHand"
    ],
    "CalculationInfo": null,
    "ReductionInfo": null,
    "ConditionInfo": null,
    "FloatBoundsInfo": {
        "lowBounds": 30.0,
        "highBounds": 150.0,
        "useExtents": true
    },
    "Vector2BoundsInfo": null,
    "Vector3BoundsInfo": null
}
