{
    "_id": "5905235c04738f5c88da7770",
    "SchemaName": "placement",
    "SchemaResolution": "Range",
    "SchemaDevice": "Kinect",
    "SchemaMetric": "MultiNodeVectorBetween",
    "BodyNodes": [
        "Spine",
        "Head"
    ],
    "CalculationInfo": null,
    "ReductionInfo": {
        "reductionOperator": "XValue"
    },
    "ConditionInfo": null,
    "FloatBoundsInfo": {
        "lowBounds": -0.5,
        "highBounds": 0.5
        "reverse":false
        "useExtents": true
    },
    "Vector2BoundsInfo": null,
    "Vector3BoundsInfo": null
}
